
{
    "Sole" : {
        "m": 1.98855e30,
        "r": [0.0, 0.0, 0.0],
        "v": [0.0, 0.0, 0.0],
        "nota": "Dati originali presi il 29/12/2025 da NASA Horizons"
    },

    "Giove" : {
        "m": 1.89819e27,
        "r": [-1.67229, 4.93514, 1.69145e-02],
        "v": [-7.24079e-03, -2.0706e-03, 1.70616e-04]
    },

    "Saturno" : {
        "m": 5.6834e26,
        "r": [9.50871, 2.41045e-01, -0.38270],
        "v": [-4.54067e-04, 5.56496e-03, -7.88128e-05]
    },

    "Urano" : {
        "m": 86.813e24,
        "r": [9.89089, 1.67946e01, -6.58732e-02],
        "v": [-3.42539e-03, 1.81246e-03, 5.11274e-05]
    },

    "Nettuno" : {
        "m": 1.0243e26,
        "r": [2.98724e01, 0.50947, -0.69888],
        "v": [-8.0689e-05, 3.1576e-03, -6.29001e-05]
    }
}