{
    "Sole" : {
        "m": 1.98855e30,
        "r": [0.0, 0.0, 0.0],
        "v": [0.0, 0.0, 0.0],
        "nota": "dati originali presi il 29/06/2026 da NASA Horizons"
    },

    "Mercurio" : {
        "m": 3.3011e23,
        "r": [-0.15362, -0.4393, -2.1812e-02],
        "v": [2.09043e-02, -7.89315e-03, -2.56234e-03]
    },

    "Venere" : {
        "m": 4.8675e24,
        "r": [-0.65776, -0.29537, 3.38942e-02],
        "v": [8.14653e-03, -1.85445e-02, -7.24829e-04]
    },

    "Terra" : {
        "m": 5.97219e24,
        "r": [1.2263e-01, -1.0091, 6.24586e-05],
        "v": [1.67929e-02, 2.01144e-03, -4.78344e-07]
    },

    "Marte" : {
        "m": 6.4185e23,
        "r": [1.18620, 0.81609, -1.19839e-02],
        "v": [-7.39679e-03, 1.27237e-02, 4.48020e-04]
    },

    "Giove" : {
        "m": 1.89819e27,
        "r": [-2.91836, 4.39452, 4.70394e-02],
        "v": [-6.37905e-03, -3.82695e-03, 1.58584e-04]
    },

    "Saturno" : {
        "m": 5.6834e26,
        "r": [9.37211, 1.25040, -0.39484],
        "v": [-1.04737e-03, 5.51589e-03, -5.42575e-05]
    },

    "Urano" : {
        "m": 86.813e24,
        "r": [9.26082, 1.71130e01, -5.65223e-02],
        "v": [-3.49451e-03, 1.68689e-03, 5.16606e-05]
    },

    "Nettuno" : {
        "m": 1.0243e26,
        "r": [2.98522e01, 1.08378, -0.71024],
        "v": [-1.40422e-04, 3.15423e-03, -6.14285e-05]
    }
}