
{
    "Sole" : {
        "m": 1.98855e30,
        "r": [0.0, 0.0, 0.0],
        "v": [0.0, 0.0, 0.0]
    },

    "Mercurio" : {
        "m": 3.3011e23,
        "r": [-0.26971, -0.3686, -5.3849e-03],
        "v": [1.70118e-02, -1.52949e-02, -2.81024e-03]
    },

    "Venere" : {
        "m": 4.8675e24,
        "r": [2.88231e-02, -0.72646, -1.16435e-02],
        "v": [2.00744e-02, 7.28158e-04, -1.14829e-03]
    },

    "Terra" : {
        "m": 5.97219e24,
        "r": [-0.12244, 0.7806, -5.93889e-05],
        "v": [-1.38775e-02, -1.77038e-03, -1.95046e-07],
        "nota": "dati modificati per la Terra, la cui velocità è diminuita del 20% (x0.8)"
    },

    "Marte" : {
        "m": 6.4185e23,
        "r": [0.2981, -1.3999, -3.6647e-02],
        "v": [1.42163e-02, 4.11736e-03, -2.62323e-04]
    },

    "Giove" : {
        "m": 1.89819e27,
        "r": [-1.67229, 4.93514, 1.69145e-02],
        "v": [-7.24079e-03, -2.0706e-03, 1.70616e-04]
    },

    "Saturno" : {
        "m": 5.6834e26,
        "r": [9.50871, 2.41045e-01, -0.38270],
        "v": [-4.54067e-04, 5.56496e-03, -7.88128e-05]
    },

    "Urano" : {
        "m": 86.813e24,
        "r": [9.89089, 1.67946e01, -6.58732e-02],
        "v": [-3.42539e-03, 1.81246e-03, 5.11274e-05]
    },

    "Nettuno" : {
        "m": 1.0243e26,
        "r": [2.98724e01, 0.50947, -0.69888],
        "v": [-8.0689e-05, 3.1576e-03, -6.29001e-05]
    }
}