{
    "Sole" : {
        "m": 1.98855e30,
        "r": [0.0, 0.0, 0.0],
        "v": [0.0, 0.0, 0.0],
        "nota": "dati originali presi il 29/12/2025 da NASA Horizons per Sole, Terra e Giove"
    },

    "Terra" : {
        "m": 5.97219e24,
        "r": [-0.12244, 0.97576, -5.93889e-05],
        "v": [-1.73469e-02, -2.21297e-03, -2.43808e-07]
    },

    "Giove" : {
        "m": 1.89819e27,
        "r": [-1.67229, 4.93514, 1.69145e-02],
        "v": [-7.24079e-03, -2.0706e-03, 1.70616e-04]
    }
}